#{"t_start": 1754642096.1582983, "env_id": "None"}
r,l,t,total_reward,shape,ttc,step_cost,jerk,crash,goal,off_road_hard_event,off_road_soft_penalty
-12.720423,29,1.18848,-53.11045965820932,-3.0104596582093226,0.0,0.0,0.0,0.0,0.0,1,-50.1
-4.963681,13,1.206206,-54.432916452579725,-4.432916452579727,0.0,0.0,0.0,0.0,0.0,1,0.0
-4.697208,15,1.226246,-54.972814992229075,-4.872814992229074,0.0,0.0,0.0,0.0,0.0,1,-50.1
-4.5375605,21,1.253947,-52.69063715496927,-2.690637154969264,0.0,0.0,0.0,0.0,0.0,1,0.0
-5.0017495,38,1.300129,-53.273249888428325,-3.0732498884283306,0.0,0.0,0.0,0.0,0.0,1,-50.2
-5.371747,33,1.33988,-55.78374941059886,-5.683749410598857,0.0,0.0,0.0,0.0,0.0,1,-0.1
-5.7147965,68,1.41925,-53.395032310624345,-3.295032310624342,0.0,0.0,0.0,0.0,0.0,1,-0.1
-5.5789394,23,1.448994,-52.79825427099491,-2.7982542709949074,0.0,0.0,0.0,0.0,0.0,1,0.0
-5.603227,16,1.471354,-54.368281792481476,-4.268281792481476,0.0,0.0,0.0,0.0,0.0,1,-50.1
-5.601124,15,1.491464,-55.84467168289279,-5.744671682892786,0.0,0.0,0.0,0.0,0.0,1,-50.1
-5.4282928,21,1.519001,-54.72947248936947,-4.629472489369469,0.0,0.0,0.0,0.0,0.0,1,-50.1
-5.314173,35,1.560986,-52.88768167191096,-2.787681671910957,0.0,0.0,0.0,0.0,0.0,1,-50.1
-5.1218777,16,1.58176,-51.56990389252522,-1.3699038925252163,0.0,0.0,0.0,0.0,0.0,1,-0.2
-5.3061247,18,1.604278,-54.01579140196679,-4.015791401966782,0.0,0.0,0.0,0.0,0.0,1,0.0
-5.444183,18,1.628148,-56.07667742894069,-5.97667742894069,0.0,0.0,0.0,0.0,0.0,1,-50.1
-5.217246,26,1.66093,-53.72908227721572,-3.629082277215714,0.0,0.0,0.0,0.0,0.0,1,-0.1
-5.016388,17,1.682399,-52.05136008336991,-2.051360083369909,0.0,0.0,0.0,0.0,0.0,1,0.0
-5.260797,40,1.728281,-53.72249786599208,-3.7224978659920787,0.0,0.0,0.0,0.0,0.0,1,0.0
-5.053224,5,1.736558,-52.596950705679,-2.5969507056789993,0.0,0.0,0.0,0.0,0.0,1,0.0
-5.173629,71,1.814328,-51.57288441485963,-1.5728844148596277,0.0,0.0,0.0,0.0,0.0,1,0.0
-5.5122113,21,1.839551,-55.222027057168006,-5.122027057168001,0.0,0.0,0.0,0.0,0.0,1,-50.1
-5.1839347,27,1.871606,-51.8695827225185,-1.7695827225185052,0.0,0.0,0.0,0.0,0.0,1,-0.1
-5.305946,55,1.932791,-51.900798608755345,-1.8007986087553451,0.0,0.0,0.0,0.0,0.0,1,-50.1
-5.5259295,15,1.951352,-54.57025352847279,-4.570253528472794,0.0,0.0,0.0,0.0,0.0,1,0.0
-5.5340505,14,1.969235,-55.19678371585665,-5.096783715856642,0.0,0.0,0.0,0.0,0.0,1,-50.1
-5.286142,59,2.034722,-51.64567811894441,-1.5456781189444087,0.0,0.0,0.0,0.0,0.0,1,-0.1
-5.5983357,14,2.052752,-55.19136306338018,-5.191363063380184,0.0,0.0,0.0,0.0,0.0,1,0.0
-5.390497,27,2.084519,-53.18183313635806,-3.1818331363580565,0.0,0.0,0.0,0.0,0.0,1,0.0
-5.5906534,35,2.12485,-54.9258127042599,-4.825812704259899,0.0,0.0,0.0,0.0,0.0,1,-50.1
-5.5565147,30,2.160053,-54.57549299299948,-4.5754929929994805,0.0,0.0,0.0,0.0,0.0,1,0.0
-5.546788,48,2.213999,-53.9133503962127,-3.7133503962127,0.0,0.0,0.0,0.0,0.0,1,-50.2
-5.473476,20,2.238138,-53.41374359263553,-3.4137435926355275,0.0,0.0,0.0,0.0,0.0,1,0.0
-5.25771,10,2.251983,-51.74633323964742,-1.6463332396474204,0.0,0.0,0.0,0.0,0.0,1,-50.1
-5.2365427,33,2.289358,-51.35463561708862,-1.254635617088617,0.0,0.0,0.0,0.0,0.0,1,-50.1
-5.2797985,10,2.302689,-52.19991773883421,-2.1999177388342064,0.0,0.0,0.0,0.0,0.0,1,0.0
-5.3757315,25,2.332577,-53.18533404349288,-3.0853340434928835,0.0,0.0,0.0,0.0,0.0,1,-0.1
-5.457705,17,2.353588,-54.25251659041752,-4.252516590417521,0.0,0.0,0.0,0.0,0.0,1,0.0
-5.1660357,12,2.369144,-51.68880803112893,-1.6888080311289277,0.0,0.0,0.0,0.0,0.0,1,0.0
-5.204586,28,2.402116,-51.991193196921685,-1.9911931969216816,0.0,0.0,0.0,0.0,0.0,1,0.0
-5.3781505,29,2.437594,-53.66147361686368,-3.6614736168636792,0.0,0.0,0.0,0.0,0.0,1,0.0
-5.2733564,55,2.499831,-51.94562563539498,-1.8456256353949847,0.0,0.0,0.0,0.0,0.0,1,-0.1
-5.2901816,23,2.527716,-52.11365683955836,-2.1136568395583613,0.0,0.0,0.0,0.0,0.0,1,0.0
-5.479964,34,2.56671,-53.845781803744714,-3.845781803744716,0.0,0.0,0.0,0.0,0.0,1,0.0
-5.541569,16,2.586851,-54.697036142395866,-4.497036142395867,0.0,0.0,0.0,0.0,0.0,1,-50.2
-5.292889,41,2.633422,-51.96870343137366,-1.8687034313736657,0.0,0.0,0.0,0.0,0.0,1,-50.1
-5.5685134,33,2.671825,-54.56262829692717,-4.362628296927172,0.0,0.0,0.0,0.0,0.0,1,-50.2
-5.578757,92,2.774525,-53.46696525756603,-3.4669652575660326,0.0,0.0,0.0,0.0,0.0,1,0.0
-5.5530515,27,2.80727,-53.23952205594864,-3.239522055948637,0.0,0.0,0.0,0.0,0.0,1,0.0
-5.5684834,50,2.865591,-53.00333117431287,-3.003331174312871,0.0,0.0,0.0,0.0,0.0,1,0.0
-5.5494328,20,2.892951,-52.975816961727595,-2.9758169617275954,0.0,0.0,0.0,0.0,0.0,1,0.0
-5.5712094,21,2.918434,-53.31307945769571,-3.3130794576957046,0.0,0.0,0.0,0.0,0.0,1,0.0
-5.832263,31,2.954635,-55.80322550205768,-5.603225502057679,0.0,0.0,0.0,0.0,0.0,1,-50.2
-5.717063,35,2.995232,-54.63263752481051,-4.632637524810507,0.0,0.0,0.0,0.0,0.0,1,0.0
-5.413031,24,3.024606,-51.79601534880974,-1.6960153488097385,0.0,0.0,0.0,0.0,0.0,1,-50.1
-5.325132,17,3.046164,-51.103925622940494,-1.003925622940491,0.0,0.0,0.0,0.0,0.0,1,-50.1
-5.5769925,36,3.089396,-53.40879028998765,-3.1087902899876507,0.0,0.0,0.0,0.0,0.0,1,-50.3
-5.6447806,28,3.123145,-54.0806097416497,-4.080609741649699,0.0,0.0,0.0,0.0,0.0,1,0.0
-5.430605,86,3.221842,-51.22256182602547,-1.2225618260254691,0.0,0.0,0.0,0.0,0.0,1,0.0
-5.4888864,30,3.258244,-51.744564465976325,-1.7445644659763246,0.0,0.0,0.0,0.0,0.0,1,0.0
-5.474166,24,3.288095,-51.65713061878091,-1.6571306187809114,0.0,0.0,0.0,0.0,0.0,1,0.0
-5.4843287,10,3.302554,-52.00344761750079,-2.0034476175007914,0.0,0.0,0.0,0.0,0.0,1,0.0
-5.4663725,19,3.327926,-51.95811268469984,-1.958112684699847,0.0,0.0,0.0,0.0,0.0,1,0.0
-5.4801693,41,3.376133,-51.91528087941571,-1.7152808794157073,0.0,0.0,0.0,0.0,0.0,1,-50.2
-5.6734314,27,3.408909,-53.768130866779096,-3.768130866779094,0.0,0.0,0.0,0.0,0.0,1,0.0
-5.497532,20,3.434177,-52.20375241453461,-2.203752414534611,0.0,0.0,0.0,0.0,0.0,1,0.0
-5.4659004,15,3.453734,-52.07526551904337,-2.0752655190433664,0.0,0.0,0.0,0.0,0.0,1,0.0
-5.514538,32,3.492416,-52.49198014775561,-2.491980147755611,0.0,0.0,0.0,0.0,0.0,1,0.0
-5.6931477,50,3.55146,-53.93197209288128,-3.7319720928812776,0.0,0.0,0.0,0.0,0.0,1,-0.2
-5.521549,22,3.577851,-52.38352391693897,-2.383523916938973,0.0,0.0,0.0,0.0,0.0,1,0.0
-5.4559298,58,3.643094,-51.39798108634449,-1.197981086344491,0.0,0.0,0.0,0.0,0.0,1,-0.2
-5.462878,20,3.667273,-51.54817785528683,-1.548177855286827,0.0,0.0,0.0,0.0,0.0,1,0.0
-5.7237234,50,3.7259,-53.76550493298564,-3.765504932985645,0.0,0.0,0.0,0.0,0.0,1,0.0
-5.4835496,31,3.762411,-51.48394392796183,-1.383943927961834,0.0,0.0,0.0,0.0,0.0,1,-50.1
-5.489976,17,3.783469,-51.66694654637612,-1.5669465463761192,0.0,0.0,0.0,0.0,0.0,1,-50.1
-5.685828,21,3.80916,-53.613112983240626,-3.613112983240626,0.0,0.0,0.0,0.0,0.0,1,0.0
-5.462722,66,3.885181,-51.10800115290533,-1.1080011529053362,0.0,0.0,0.0,0.0,0.0,1,0.0
-5.8532248,44,3.934852,-54.61560565886693,-4.615605658866929,0.0,0.0,0.0,0.0,0.0,1,0.0
-5.6272416,52,3.993828,-52.284156901921364,-2.284156901921368,0.0,0.0,0.0,0.0,0.0,1,0.0
-5.677595,17,4.015451,-52.88656813870193,-2.886568138701933,0.0,0.0,0.0,0.0,0.0,1,0.0
-5.853503,19,4.038522,-54.65299116632226,-4.552991166322261,0.0,0.0,0.0,0.0,0.0,1,-50.1
-5.4967265,22,4.065151,-51.3998063458392,-1.1998063458391997,0.0,0.0,0.0,0.0,0.0,1,-50.2
-5.570073,18,4.087507,-52.2012242794803,-2.2012242794803,0.0,0.0,0.0,0.0,0.0,1,0.0
-5.579777,32,4.124549,-52.262737945686034,-2.2627379456860366,0.0,0.0,0.0,0.0,0.0,1,0.0
-5.6394067,20,4.148973,-52.9084538181792,-2.908453818179196,0.0,0.0,0.0,0.0,0.0,1,0.0
-5.587645,28,4.182474,-52.44095526212888,-2.440955262128881,0.0,0.0,0.0,0.0,0.0,1,0.0
-5.6323533,17,4.203691,-52.9793206374816,-2.9793206374816013,0.0,0.0,0.0,0.0,0.0,1,0.0
-5.4543867,26,4.234534,-51.32993317324576,-1.3299331732457604,0.0,0.0,0.0,0.0,0.0,1,0.0
-5.7610717,37,4.276722,-54.15045866734106,-4.150458667341065,0.0,0.0,0.0,0.0,0.0,1,0.0
-5.5368476,22,4.303266,-52.11233709255403,-2.1123370925540224,0.0,0.0,0.0,0.0,0.0,1,0.0
-5.748563,44,4.353894,-53.974217605586304,-3.974217605586304,0.0,0.0,0.0,0.0,0.0,1,0.0
-5.72413,15,4.373394,-53.891705433839974,-3.7917054338399794,0.0,0.0,0.0,0.0,0.0,1,-50.1
-5.9066195,82,4.468011,-55.129079142949,-4.829079142949004,0.0,0.0,0.0,0.0,0.0,1,-50.3
-5.8258905,23,4.496755,-54.449160540898504,-4.449160540898504,0.0,0.0,0.0,0.0,0.0,1,0.0
-5.5397263,21,4.52279,-51.849156528983734,-1.7491565289837334,0.0,0.0,0.0,0.0,0.0,1,-0.1
-5.860812,32,4.561235,-54.845916700311804,-4.8459167003118075,0.0,0.0,0.0,0.0,0.0,1,0.0
-5.6282616,11,4.576521,-52.84157701847174,-2.841577018471746,0.0,0.0,0.0,0.0,0.0,1,0.0
-5.9032307,35,4.618322,-55.39537540400251,-5.2953754040025025,0.0,0.0,0.0,0.0,0.0,1,-50.1
-5.6256247,38,4.66469,-52.73061191236611,-2.6306119123661054,0.0,0.0,0.0,0.0,0.0,1,-50.1
-5.654945,35,4.70696,-52.955513548069675,-2.955513548069673,0.0,0.0,0.0,0.0,0.0,1,0.0
-5.512739,41,4.753725,-51.516422094758994,-1.5164220947589993,0.0,0.0,0.0,0.0,0.0,1,0.0
-5.877252,13,4.770761,-55.078820376056335,-5.078820376056331,0.0,0.0,0.0,0.0,0.0,1,0.0
-5.776532,13,4.787573,-54.297282197126,-4.197282197126002,0.0,0.0,0.0,0.0,0.0,1,-50.1
-5.5686874,17,4.809278,-52.44794050242213,-2.4479405024221235,0.0,0.0,0.0,0.0,0.0,1,0.0
-5.48633,16,4.82949,-51.770644692094216,-1.670644692094216,0.0,0.0,0.0,0.0,0.0,1,-50.1
-5.6122923,21,4.854993,-53.024274680002144,-2.9242746800021404,0.0,0.0,0.0,0.0,0.0,1,-50.1
-5.479999,33,4.893292,-51.74331420292789,-1.7433142029278965,0.0,0.0,0.0,0.0,0.0,1,0.0
-5.767481,14,4.911269,-54.58881064552337,-4.488810645523367,0.0,0.0,0.0,0.0,0.0,1,-0.1
-5.400488,43,4.960583,-51.01005872723011,-1.0100587272301143,0.0,0.0,0.0,0.0,0.0,1,0.0
-5.568406,31,4.996734,-52.57788871337392,-2.577888713373925,0.0,0.0,0.0,0.0,0.0,1,0.0
-5.455928,19,5.020104,-51.57995126972026,-1.4799512697202628,0.0,0.0,0.0,0.0,0.0,1,-50.1
-5.493185,43,5.070287,-51.82015962343565,-1.7201596234356513,0.0,0.0,0.0,0.0,0.0,1,-0.1
-5.7133746,24,5.098665,-53.94121071913832,-3.941210719138315,0.0,0.0,0.0,0.0,0.0,1,0.0
-5.4644146,24,5.127084,-51.62734112648365,-1.6273411264836497,0.0,0.0,0.0,0.0,0.0,1,0.0
-5.8769436,31,5.16386,-55.52456074293556,-5.5245607429355665,0.0,0.0,0.0,0.0,0.0,1,0.0
-5.7911024,32,5.200868,-54.70449557456031,-4.704495574560308,0.0,0.0,0.0,0.0,0.0,1,0.0
-5.490696,25,5.230476,-51.89619569924698,-1.796195699246982,0.0,0.0,0.0,0.0,0.0,1,-50.1
-5.5031304,18,5.252972,-52.08586019960409,-2.0858601996040917,0.0,0.0,0.0,0.0,0.0,1,0.0
-5.806521,53,5.314656,-54.79170559155247,-4.691705591552472,0.0,0.0,0.0,0.0,0.0,1,-0.1
-5.7126956,42,5.364469,-53.813145994513306,-3.813145994513306,0.0,0.0,0.0,0.0,0.0,1,0.0
-5.478985,10,5.379254,-51.74251014173873,-1.6425101417387262,0.0,0.0,0.0,0.0,0.0,1,-50.1
-5.74441,28,5.411913,-54.268146879015276,-4.268146879015276,0.0,0.0,0.0,0.0,0.0,1,0.0
-5.766778,42,5.461475,-54.39842994491083,-4.09842994491083,0.0,0.0,0.0,0.0,0.0,1,-50.3
-5.762748,35,5.502278,-54.32411912135329,-4.3241191213532915,0.0,0.0,0.0,0.0,0.0,1,0.0
-5.7805023,47,5.555112,-54.375321372176764,-4.275321372176759,0.0,0.0,0.0,0.0,0.0,1,-0.1
-5.520883,41,5.601781,-51.85572716876685,-1.65572716876685,0.0,0.0,0.0,0.0,0.0,1,-0.2
-5.569698,54,5.662931,-52.143141361491566,-2.0431413614915632,0.0,0.0,0.0,0.0,0.0,1,-0.1
-5.87774,27,5.694606,-55.05356156222865,-5.053561562228648,0.0,0.0,0.0,0.0,0.0,1,0.0
-5.560055,10,5.708393,-52.207146456004914,-2.2071464560049163,0.0,0.0,0.0,0.0,0.0,1,0.0
-5.467334,44,5.757897,-51.2406341591275,-1.1406341591275009,0.0,0.0,0.0,0.0,0.0,1,-50.1
-5.670184,22,5.78464,-53.19100747619609,-3.1910074761960896,0.0,0.0,0.0,0.0,0.0,1,0.0
-5.818267,14,5.802641,-54.69077751081729,-4.6907775108172896,0.0,0.0,0.0,0.0,0.0,1,0.0
-5.6687126,39,5.847283,-53.2386915528478,-3.2386915528477926,0.0,0.0,0.0,0.0,0.0,1,0.0
-5.9269705,44,5.897427,-55.58594263851835,-5.5859426385183415,0.0,0.0,0.0,0.0,0.0,1,0.0
-5.5026064,5,5.905678,-51.756126749455454,-1.7561267494554587,0.0,0.0,0.0,0.0,0.0,1,0.0
-5.477072,19,5.930535,-51.57118928402161,-1.5711892840216066,0.0,0.0,0.0,0.0,0.0,1,0.0
-5.5588903,8,5.941889,-52.469728159414544,-2.369728159414545,0.0,0.0,0.0,0.0,0.0,1,-50.1
-5.495311,14,5.960229,-51.95881169929406,-1.9588116992940616,0.0,0.0,0.0,0.0,0.0,1,0.0
-5.441614,23,5.987915,-51.47834303270796,-1.4783430327079605,0.0,0.0,0.0,0.0,0.0,1,0.0
-5.444413,17,6.009013,-51.5699635226318,-1.5699635226317978,0.0,0.0,0.0,0.0,0.0,1,0.0
-5.735426,11,6.024045,-54.45031842527628,-4.450318425276285,0.0,0.0,0.0,0.0,0.0,1,0.0
-5.4468794,31,6.307711,-51.69785259709808,-1.697852597098076,0.0,0.0,0.0,0.0,0.0,1,0.0
-5.711506,17,6.329675,-54.28671325818877,-4.286713258188769,0.0,0.0,0.0,0.0,0.0,1,0.0
-5.759928,47,6.385914,-54.65027483652687,-4.550274836526871,0.0,0.0,0.0,0.0,0.0,1,-0.1
-5.676787,117,6.516275,-53.35546607036585,-3.255466070365854,0.0,0.0,0.0,0.0,0.0,1,-0.1
-5.5470076,41,6.565771,-52.06778772371443,-1.967787723714431,0.0,0.0,0.0,0.0,0.0,1,-50.1
-5.5193844,9,6.578286,-51.92006897779562,-1.9200689777956157,0.0,0.0,0.0,0.0,0.0,1,0.0
-5.8424263,24,6.60694,-55.0016538909189,-5.001653890918906,0.0,0.0,0.0,0.0,0.0,1,0.0
-5.843328,23,6.634463,-55.067711911137906,-5.0677119111379,0.0,0.0,0.0,0.0,0.0,1,0.0
-5.8739805,19,6.657985,-55.43468542783601,-5.334685427836007,0.0,0.0,0.0,0.0,0.0,1,-0.1
-5.782938,49,6.713719,-54.468220635800485,-4.468220635800488,0.0,0.0,0.0,0.0,0.0,1,0.0
-5.3979387,82,6.807129,-50.55967675299564,-0.559676752995637,0.0,0.0,0.0,0.0,0.0,1,0.0
-5.588545,26,6.838974,-52.35646391767101,-2.256463917671005,0.0,0.0,0.0,0.0,0.0,1,-50.1
-5.544382,34,6.879689,-51.91501183809493,-1.8150118380949314,0.0,0.0,0.0,0.0,0.0,1,-50.1
-5.5155535,14,6.899253,-51.72123259285176,-1.7212325928517647,0.0,0.0,0.0,0.0,0.0,1,0.0
-5.8722644,23,6.929116,-55.11389348137186,-5.1138934813718535,0.0,0.0,0.0,0.0,0.0,1,0.0
-5.76145,14,6.947913,-54.16784822934272,-4.067848229342715,0.0,0.0,0.0,0.0,0.0,1,-50.1
-5.51509,23,6.976573,-51.888688812373076,-1.8886888123730792,0.0,0.0,0.0,0.0,0.0,1,0.0
-5.6661787,23,7.004922,-53.35090981868145,-3.3509098186814548,0.0,0.0,0.0,0.0,0.0,1,0.0
-5.642626,9,7.01811,-53.24333620757476,-3.2433362075747603,0.0,0.0,0.0,0.0,0.0,1,0.0
-5.542185,41,7.068589,-52.233829555652136,-2.1338295556521345,0.0,0.0,0.0,0.0,0.0,1,-50.1
-5.530322,73,7.153918,-51.900958925792516,-1.7009589257925146,0.0,0.0,0.0,0.0,0.0,1,-50.2
-5.55804,46,7.208454,-52.07671104527855,-1.9767110452785461,0.0,0.0,0.0,0.0,0.0,1,-50.1
-5.4689555,19,7.232674,-51.28922882304758,-1.189228823047582,0.0,0.0,0.0,0.0,0.0,1,-0.1
-5.61718,7,7.243221,-52.79369794840007,-2.7936979484000677,0.0,0.0,0.0,0.0,0.0,1,0.0
-5.5142875,21,7.269145,-51.86763324454462,-1.867633244544626,0.0,0.0,0.0,0.0,0.0,1,0.0
-5.61719,75,7.355654,-52.609415313340016,-2.509415313340014,0.0,0.0,0.0,0.0,0.0,1,-0.1
-5.7532935,111,7.482708,-53.48830191575849,-3.3883019157584915,0.0,0.0,0.0,0.0,0.0,1,-0.1
-5.9309087,41,7.531819,-55.09536557588041,-5.095365575880406,0.0,0.0,0.0,0.0,0.0,1,0.0
-5.766675,32,7.572399,-53.56510062905541,-3.4651006290554056,0.0,0.0,0.0,0.0,0.0,1,-0.1
-5.5499096,21,7.598655,-51.58838560195143,-1.5883856019514315,0.0,0.0,0.0,0.0,0.0,1,0.0
-5.590253,23,7.627047,-51.992196309089735,-1.8921963090897371,0.0,0.0,0.0,0.0,0.0,1,-0.1
-5.691929,27,7.660388,-52.95556698930578,-2.955566989305778,0.0,0.0,0.0,0.0,0.0,1,0.0
-5.519782,22,7.687801,-51.385752574500835,-1.3857525745008363,0.0,0.0,0.0,0.0,0.0,1,0.0
-5.871265,52,7.749005,-54.556117857219746,-4.456117857219754,0.0,0.0,0.0,0.0,0.0,1,-0.1
-5.873134,14,7.76789,-54.6616935193372,-4.561693519337203,0.0,0.0,0.0,0.0,0.0,1,-0.1
-5.528118,25,7.798893,-51.47494742916324,-1.4749474291632394,0.0,0.0,0.0,0.0,0.0,1,0.0
-5.735186,38,7.844668,-53.36651176200674,-3.0665117620067353,0.0,0.0,0.0,0.0,0.0,1,-0.30000000000000004
-5.785632,15,7.865813,-53.91116691000057,-3.911166910000569,0.0,0.0,0.0,0.0,0.0,1,0.0
-5.6450515,22,7.892658,-52.641131236147075,-2.541131236147078,0.0,0.0,0.0,0.0,0.0,1,-50.1
-5.751071,33,7.932643,-53.61930339603966,-3.619303396039661,0.0,0.0,0.0,0.0,0.0,1,0.0
-5.56456,22,7.960567,-51.913413043745564,-1.8134130437455651,0.0,0.0,0.0,0.0,0.0,1,-0.1
-5.853423,28,7.994711,-54.62639050138763,-4.626390501387629,0.0,0.0,0.0,0.0,0.0,1,0.0
-5.597425,47,8.050509,-52.1662113429609,-2.166211342960901,0.0,0.0,0.0,0.0,0.0,1,0.0
-5.759971,52,8.1127,-53.57990694644875,-3.479906946448752,0.0,0.0,0.0,0.0,0.0,1,-0.1
-5.893339,91,8.214612,-54.55161648507172,-4.551616485071715,0.0,0.0,0.0,0.0,0.0,1,0.0
-5.6461873,33,8.254392,-52.24852642058851,-2.148526420588512,0.0,0.0,0.0,0.0,0.0,1,-50.1
-5.80095,69,8.335081,-53.51592426515454,-3.415924265154536,0.0,0.0,0.0,0.0,0.0,1,-0.1
-5.938616,18,8.357846,-54.85003797966047,-4.8500379796604705,0.0,0.0,0.0,0.0,0.0,1,0.0
-5.6635604,48,8.414921,-52.23958124880498,-2.1395812488049835,0.0,0.0,0.0,0.0,0.0,1,-0.1
-5.6296377,22,8.443235,-51.95628624721533,-1.6562862472153315,0.0,0.0,0.0,0.0,0.0,1,-50.3
-5.7828217,34,8.484132,-53.356088460827344,-2.95608846082734,0.0,0.0,0.0,0.0,0.0,1,-50.4
-5.69438,34,8.52668,-52.52245617702354,-2.522456177023546,0.0,0.0,0.0,0.0,0.0,1,0.0
-5.590666,10,8.540499,-51.64664616740914,-1.646646167409135,0.0,0.0,0.0,0.0,0.0,1,0.0
-5.6209664,81,8.637216,-51.721458122239255,-1.6214581222392592,0.0,0.0,0.0,0.0,0.0,1,-50.1
-5.568305,19,8.66169,-51.277456284261866,-1.2774562842618629,0.0,0.0,0.0,0.0,0.0,1,0.0
-5.6435056,12,8.677904,-52.043099635712814,-2.0430996357128173,0.0,0.0,0.0,0.0,0.0,1,0.0
-5.649073,22,8.705328,-52.1268107628531,-1.8268107628530919,0.0,0.0,0.0,0.0,0.0,1,-50.3
-5.695975,9,8.71836,-52.64926722088956,-2.6492672208895627,0.0,0.0,0.0,0.0,0.0,1,0.0
-5.6793504,27,8.751208,-52.507180309880795,-2.207180309880793,0.0,0.0,0.0,0.0,0.0,1,-0.30000000000000004
-5.883284,15,8.770874,-54.46045744121339,-4.3604574412133985,0.0,0.0,0.0,0.0,0.0,1,-50.1
-5.6973352,8,8.782935,-52.83768296289342,-2.8376829628934175,0.0,0.0,0.0,0.0,0.0,1,0.0
-5.8065233,66,8.858828,-53.70835272006254,-3.5083527200625415,0.0,0.0,0.0,0.0,0.0,1,-50.2
-5.6283035,74,8.943586,-51.88658002780167,-1.8865800278016724,0.0,0.0,0.0,0.0,0.0,1,0.0
-5.657928,58,9.016395,-52.05385384577235,-2.053853845772352,0.0,0.0,0.0,0.0,0.0,1,0.0
-5.8254395,23,9.04434,-53.62610154638138,-3.6261015463813795,0.0,0.0,0.0,0.0,0.0,1,0.0
-5.668748,37,9.089456,-52.15811966236268,-2.158119662362683,0.0,0.0,0.0,0.0,0.0,1,0.0
-5.7226076,68,9.166738,-52.51053054102189,-2.5105305410218914,0.0,0.0,0.0,0.0,0.0,1,0.0
-5.742663,11,9.181714,-52.771086150268204,-2.7710861502681983,0.0,0.0,0.0,0.0,0.0,1,0.0
-6.0399404,49,9.23979,-55.43659434417099,-5.236594344170992,0.0,0.0,0.0,0.0,0.0,1,-50.2
-5.8391275,18,9.262988,-53.648242322467645,-3.4482423224676486,0.0,0.0,0.0,0.0,0.0,1,-50.2
-5.6630964,7,9.27352,-52.12065097395125,-2.1206509739512533,0.0,0.0,0.0,0.0,0.0,1,0.0
-5.6254683,25,9.304119,-51.79435107975406,-1.7943510797540618,0.0,0.0,0.0,0.0,0.0,1,0.0
-5.6611776,33,9.34393,-52.10845212411947,-2.0084521241194624,0.0,0.0,0.0,0.0,0.0,1,-0.1
-5.7272854,33,9.383561,-52.7106563286998,-2.7106563286998018,0.0,0.0,0.0,0.0,0.0,1,0.0
-5.61868,28,9.417418,-51.71842964704497,-1.6184296470449642,0.0,0.0,0.0,0.0,0.0,1,-50.1
-5.8862987,27,9.452064,-54.205012148803355,-4.205012148803355,0.0,0.0,0.0,0.0,0.0,1,0.0
-5.7201633,15,9.471521,-52.73452411451937,-2.7345241145193704,0.0,0.0,0.0,0.0,0.0,1,0.0
-5.8027506,8,9.483088,-53.587300305085144,-3.5873003050851437,0.0,0.0,0.0,0.0,0.0,1,0.0
-5.540475,59,9.553835,-51.06153454403955,-0.961534544039548,0.0,0.0,0.0,0.0,0.0,1,-0.1
-5.7754655,22,9.582604,-53.258687711107875,-3.2586877111078767,0.0,0.0,0.0,0.0,0.0,1,0.0
-5.761625,33,9.622407,-53.122502356464075,-3.1225023564640715,0.0,0.0,0.0,0.0,0.0,1,0.0
-5.7842474,75,9.712687,-53.17226319979907,-2.972263199799065,0.0,0.0,0.0,0.0,0.0,1,-50.2
-5.684599,37,9.755402,-52.237329534999915,-2.237329534999911,0.0,0.0,0.0,0.0,0.0,1,0.0
-5.7846737,26,9.787447,-53.17258438121828,-3.0725843812182774,0.0,0.0,0.0,0.0,0.0,1,-0.1
-6.019984,17,9.809488,-55.39612608216371,-5.396126082163711,0.0,0.0,0.0,0.0,0.0,1,0.0
-5.832087,22,9.835943,-53.706990189860505,-3.706990189860501,0.0,0.0,0.0,0.0,0.0,1,0.0
-5.662564,47,9.890166,-52.08348318856927,-1.9834831885692727,0.0,0.0,0.0,0.0,0.0,1,-0.1
-5.8193965,22,9.917086,-53.558154113732385,-3.558154113732379,0.0,0.0,0.0,0.0,0.0,1,0.0
-5.7264457,10,9.930584,-52.77812107586711,-2.7781210758671078,0.0,0.0,0.0,0.0,0.0,1,0.0
-5.86881,21,9.956045,-54.13003559004449,-4.030035590044495,0.0,0.0,0.0,0.0,0.0,1,-0.1
-5.774129,62,10.026189,-53.14984919846795,-3.1498491984679484,0.0,0.0,0.0,0.0,0.0,1,0.0
-5.724587,17,10.047266,-52.73916426300431,-2.7391642630043105,0.0,0.0,0.0,0.0,0.0,1,0.0
-5.7372518,68,10.123231,-52.72776457922594,-2.6277645792259374,0.0,0.0,0.0,0.0,0.0,1,-0.1
-5.6670775,51,10.183381,-52.01090421262037,-2.0109042126203667,0.0,0.0,0.0,0.0,0.0,1,0.0
-5.7792053,41,10.230612,-53.00613412187824,-2.7061341218782378,0.0,0.0,0.0,0.0,0.0,1,-50.3
-5.834731,11,10.245602,-53.58917822402343,-3.589178224023433,0.0,0.0,0.0,0.0,0.0,1,0.0
-5.6942725,25,10.275264,-52.319158881655156,-2.3191588816551594,0.0,0.0,0.0,0.0,0.0,1,0.0
-5.813413,28,10.308448,-53.42525252494876,-3.4252525249487604,0.0,0.0,0.0,0.0,0.0,1,0.0
-5.5918713,45,10.359833,-51.340722787822784,-1.3407227878227834,0.0,0.0,0.0,0.0,0.0,1,0.0
-5.62431,28,10.392795,-51.645631735912886,-1.645631735912886,0.0,0.0,0.0,0.0,0.0,1,0.0
-5.9319916,18,10.41526,-54.516420531929874,-4.5164205319298745,0.0,0.0,0.0,0.0,0.0,1,0.0
-5.9454618,25,10.44523,-54.6702341224155,-4.570234122415503,0.0,0.0,0.0,0.0,0.0,1,-0.1
-5.78949,18,10.467393,-53.28547373874164,-3.285473738741647,0.0,0.0,0.0,0.0,0.0,1,0.0
-6.002586,16,10.487806,-55.306598146555416,-5.3065981465554195,0.0,0.0,0.0,0.0,0.0,1,0.0
-5.625716,20,10.514523,-51.8722951443493,-1.8722951443493,0.0,0.0,0.0,0.0,0.0,1,0.0
-5.525375,77,10.603821,-50.79695978739125,-0.7969597873912502,0.0,0.0,0.0,0.0,0.0,1,0.0
-6.207304,30,10.639477,-57.08156707534195,-6.981567075341951,0.0,0.0,0.0,0.0,0.0,1,-50.1
-5.748651,60,10.709048,-52.773708714541385,-2.673708714541391,0.0,0.0,0.0,0.0,0.0,1,-0.1
-5.661507,34,10.749044,-51.96068348186533,-1.7606834818653319,0.0,0.0,0.0,0.0,0.0,1,-50.2
-5.8991337,35,10.791118,-54.13429904681399,-4.1342990468139895,0.0,0.0,0.0,0.0,0.0,1,0.0
-5.7785544,47,10.846568,-52.97510853709958,-2.775108537099584,0.0,0.0,0.0,0.0,0.0,1,-0.2
-5.728921,24,10.876206,-52.53918252965954,-2.339182529659543,0.0,0.0,0.0,0.0,0.0,1,-0.2
-5.774022,20,10.901378,-52.98859893307101,-2.9885989330710094,0.0,0.0,0.0,0.0,0.0,1,0.0
-5.6028214,27,10.934735,-51.42797664189854,-1.4279766418985425,0.0,0.0,0.0,0.0,0.0,1,0.0
-5.6673636,65,11.010615,-51.91408613772531,-1.9140861377253167,0.0,0.0,0.0,0.0,0.0,1,0.0
-5.677662,7,11.021423,-52.07973388769618,-2.0797338876961815,0.0,0.0,0.0,0.0,0.0,1,0.0
-6.000256,71,11.104178,-54.91660207643659,-4.816602076436585,0.0,0.0,0.0,0.0,0.0,1,-0.1
-5.809594,31,11.141183,-53.17723893907569,-3.1772389390756937,0.0,0.0,0.0,0.0,0.0,1,0.0
-5.6946216,8,11.153589,-52.19276850568728,-2.092768505687287,0.0,0.0,0.0,0.0,0.0,1,-50.1
-5.6916256,24,11.184146,-52.18522251108029,-2.185222511080287,0.0,0.0,0.0,0.0,0.0,1,0.0
-5.976328,27,11.507257,-54.817672059883854,-4.817672059883856,0.0,0.0,0.0,0.0,0.0,1,0.0
-5.82194,93,11.612768,-53.21745766194276,-3.1174576619427645,0.0,0.0,0.0,0.0,0.0,1,-0.1
-5.7175217,47,11.666152,-52.213804912872575,-2.2138049128725763,0.0,0.0,0.0,0.0,0.0,1,0.0
-5.8191924,10,11.680007,-53.2063194433549,-3.1063194433548977,0.0,0.0,0.0,0.0,0.0,1,-50.1
-5.879506,9,11.692865,-53.83359222591019,-3.833592225910185,0.0,0.0,0.0,0.0,0.0,1,0.0
-5.641808,10,11.706509,-51.716664567116005,-1.7166645671160072,0.0,0.0,0.0,0.0,0.0,1,0.0
-5.687496,14,11.724604,-52.186910527910065,-2.1869105279100616,0.0,0.0,0.0,0.0,0.0,1,0.0
-6.0628767,61,11.795069,-55.53972317989879,-4.9397231798987935,0.0,0.0,0.0,0.0,0.0,1,-50.6
-5.695169,19,11.82016,-52.207984379083626,-2.2079843790836318,0.0,0.0,0.0,0.0,0.0,1,0.0
-5.8452168,28,11.853114,-53.59730059107232,-3.597300591072317,0.0,0.0,0.0,0.0,0.0,1,0.0
-5.5773497,32,11.89021,-51.135333570085706,-1.035333570085708,0.0,0.0,0.0,0.0,0.0,1,-50.1
-5.916266,11,11.904687,-54.30940617229799,-4.309406172297987,0.0,0.0,0.0,0.0,0.0,1,0.0
-5.6484933,28,11.937045,-51.85837890399975,-1.858378903999749,0.0,0.0,0.0,0.0,0.0,1,0.0
-5.600141,22,11.963211,-51.43629292269437,-1.3362929226943674,0.0,0.0,0.0,0.0,0.0,1,-50.1
-6.0809283,66,12.034921,-55.754468841213274,-5.5544688412132714,0.0,0.0,0.0,0.0,0.0,1,-0.2
-5.7796445,26,12.065809,-53.0059855076415,-3.005985507641503,0.0,0.0,0.0,0.0,0.0,1,0.0
-5.69262,10,12.080074,-52.266044533120365,-2.2660445331203594,0.0,0.0,0.0,0.0,0.0,1,0.0
-5.652828,39,12.126269,-51.879695584364484,-1.8796955843644785,0.0,0.0,0.0,0.0,0.0,1,0.0
-5.6280303,21,12.15279,-51.6750397984207,-1.5750397984206925,0.0,0.0,0.0,0.0,0.0,1,-50.1
-5.6368976,32,12.191625,-51.75198749623485,-1.7519874962348432,0.0,0.0,0.0,0.0,0.0,1,0.0
-5.74356,10,12.205446,-52.79169472153926,-2.791694721539252,0.0,0.0,0.0,0.0,0.0,1,0.0
-5.5728445,20,12.231716,-51.24975469365296,-1.2497546936529655,0.0,0.0,0.0,0.0,0.0,1,0.0
-5.6995287,33,12.271675,-52.40964975287973,-2.40964975287973,0.0,0.0,0.0,0.0,0.0,1,0.0
-5.6983933,23,12.300239,-52.42103354259874,-2.4210335425987415,0.0,0.0,0.0,0.0,0.0,1,0.0
-5.673159,13,12.317706,-52.23570846255357,-2.2357084625535713,0.0,0.0,0.0,0.0,0.0,1,0.0
-5.878569,20,12.343054,-54.163278368972925,-4.163278368972925,0.0,0.0,0.0,0.0,0.0,1,0.0
-5.564367,13,12.360579,-51.313853841351744,-1.3138538413517438,0.0,0.0,0.0,0.0,0.0,1,0.0
-5.706417,31,12.397732,-52.6222175489128,-2.6222175489128006,0.0,0.0,0.0,0.0,0.0,1,0.0
-5.590892,19,12.421882,-51.58487184252829,-1.584871842528286,0.0,0.0,0.0,0.0,0.0,1,0.0
-5.5975466,21,12.447762,-51.670341280070296,-1.6703412800703008,0.0,0.0,0.0,0.0,0.0,1,0.0
-5.5757155,22,12.474839,-51.48898904541257,-1.4889890454125698,0.0,0.0,0.0,0.0,0.0,1,0.0
-5.5602417,32,12.513129,-51.33853316264019,-1.338533162640184,0.0,0.0,0.0,0.0,0.0,1,0.0
-5.779044,12,12.529267,-53.411844374412766,-3.3118443744127672,0.0,0.0,0.0,0.0,0.0,1,-50.1
-5.5991416,28,12.563111,-51.75543285903772,-1.6554328590377185,0.0,0.0,0.0,0.0,0.0,1,-50.1
-5.814216,24,12.593607,-53.763696854937926,-3.6636968549379265,0.0,0.0,0.0,0.0,0.0,1,-0.1
-5.5548205,17,12.61507,-51.398898538772684,-1.3988985387726842,0.0,0.0,0.0,0.0,0.0,1,0.0
-5.5933976,31,12.65236,-51.75268297439213,-1.752682974392127,0.0,0.0,0.0,0.0,0.0,1,0.0
-5.6804957,9,12.665401,-52.617628448907624,-2.6176284489076265,0.0,0.0,0.0,0.0,0.0,1,0.0
-5.795097,56,12.731346,-53.61486784088964,-3.6148678408896373,0.0,0.0,0.0,0.0,0.0,1,0.0
-5.538329,16,12.752006,-51.27197108362681,-1.2719710836268092,0.0,0.0,0.0,0.0,0.0,1,0.0
-5.7895203,30,12.788811,-53.5990055691331,-3.499005569133095,0.0,0.0,0.0,0.0,0.0,1,-50.1
-5.632109,34,12.829278,-52.130865717740754,-1.8308657177407586,0.0,0.0,0.0,0.0,0.0,1,-50.3
-5.562647,10,12.843322,-51.53846022711374,-1.5384602271137418,0.0,0.0,0.0,0.0,0.0,1,0.0
-5.748702,8,12.855263,-53.32463760811676,-3.22463760811676,0.0,0.0,0.0,0.0,0.0,1,-50.1
-5.6445756,30,12.891255,-52.361531168781994,-2.3615311687819904,0.0,0.0,0.0,0.0,0.0,1,0.0
-5.6951632,22,12.918503,-52.853126955657316,-2.7531269556573195,0.0,0.0,0.0,0.0,0.0,1,-50.1
-5.9627295,10,12.932701,-55.40323462528037,-5.403234625280366,0.0,0.0,0.0,0.0,0.0,1,0.0
-5.490732,25,12.96322,-51.02872618827591,-1.0287261882759111,0.0,0.0,0.0,0.0,0.0,1,0.0
-5.676992,88,13.063438,-52.60602949437163,-2.406029494371637,0.0,0.0,0.0,0.0,0.0,1,-0.2
-5.7822437,38,13.109106,-53.55672107722965,-3.356721077229655,0.0,0.0,0.0,0.0,0.0,1,-0.2
-5.5723095,15,13.129948,-51.64939243219926,-1.5493924321992534,0.0,0.0,0.0,0.0,0.0,1,-50.1
-5.755138,57,13.194377,-53.27602688857339,-2.7760268885733845,0.0,0.0,0.0,0.0,0.0,1,-50.5
-5.6002617,43,13.244631,-51.80877012795495,-1.508770127954957,0.0,0.0,0.0,0.0,0.0,1,-50.3
-5.6459813,19,13.26881,-52.25899662817625,-2.2589966281762504,0.0,0.0,0.0,0.0,0.0,1,0.0
-5.476144,93,13.375357,-50.53367164212669,-0.43367164212668463,0.0,0.0,0.0,0.0,0.0,1,-0.1
-5.5672183,16,13.395636,-51.40618827556146,-1.4061882755614645,0.0,0.0,0.0,0.0,0.0,1,0.0
-5.6346397,15,13.416537,-52.06913766562726,-2.0691376656272595,0.0,0.0,0.0,0.0,0.0,1,0.0
-5.5493345,42,13.465182,-51.24671182366715,-1.146711823667144,0.0,0.0,0.0,0.0,0.0,1,-50.1
-5.7742844,29,13.499842,-53.32800776440606,-3.3280077644060597,0.0,0.0,0.0,0.0,0.0,1,0.0
